file,status,zxing_payload_count,opencv_payload_count,zxing_payload,opencv_payload,opencv_sources,zxing_invoice_no,opencv_invoice_no,zxing_invoice_date,opencv_invoice_date,zxing_amount,opencv_amount,same_final_result,same_payload_set,zxing_method,opencv_method,error
032002300211_96855725_浙江京能电力设备有限公司.pdf,ok,1,1,"01,10,032002300211,96855725,6.42,20240418,46248088320423826902,DBA4,","01,10,032002300211,96855725,6.42,20240418,46248088320423826902,DBA4,",wechat,96855725,96855725,2024-04-18,2024-04-18,7.00,7.00,True,True,qrcode,qrcode,
032002300211_96941464_浙江京能电力设备有限公司.pdf,ok,1,1,"01,10,032002300211,96941464,6.42,20240418,45710472103033680675,00B5,","01,10,032002300211,96941464,6.42,20240418,45710472103033680675,00B5,",wechat,96941464,96941464,2024-04-18,2024-04-18,7.00,7.00,True,True,qrcode,qrcode,
033002200911_17265051_浙江京能电力设备有限公司.pdf,ok,1,1,"01,10,033002200911,17265051,14.29,20240509,44674754763264252194,36F6,","01,10,033002200911,17265051,14.29,20240509,44674754763264252194,36F6,",wechat,17265051,17265051,2024-05-09,2024-05-09,15.00,15.00,True,True,qrcode,qrcode,
033002300711_00359005_浙江京能电力设备有限公司.pdf,ok,1,1,"01,10,033002300711,00359005,11.92,20240413,60976352573134485691,C777,","01,10,033002300711,00359005,11.92,20240413,60976352573134485691,C777,",wechat,00359005,00359005,2024-04-13,2024-04-13,13.00,13.00,True,True,qrcode,qrcode,
1145c824d9434912926038d5c4106e30.pdf,ok,1,1,"01,32,,25337906931100052993,63.72,20251118,,578E","01,32,,25337906931100052993,63.72,20251118,,578E",wechat,25337906931100052993,25337906931100052993,2025-11-18,2025-11-18,63.72,63.72,True,True,qrcode,qrcode,
189d8ac1cc9b442baff1c377ffa720b0.pdf,ok,1,1,"01,32,,25337000000302392544,211.61,20250723,,bfc3","01,32,,25337000000302392544,211.61,20250723,,bfc3",wechat,25337000000302392544,25337000000302392544,2025-07-23,2025-07-23,211.61,211.61,True,True,qrcode,qrcode,
1_91150104328966618J_144bba95778f4fa2b0510ea5416b1508.pdf,ok,1,1,"01,32,,26157906780300069444,15.14,20260312,,7ACA","01,32,,26157906780300069444,15.14,20260312,,7ACA",wechat,26157906780300069444,26157906780300069444,2026-03-12,2026-03-12,15.14,15.14,True,True,qrcode,qrcode,
1_91150104328966618J_a91bf4e4378d4cd9b472fd01d6fbd885.pdf,ok,1,1,"01,32,,26157906780300008920,9.50,20260302,,DC9E","01,32,,26157906780300008920,9.50,20260302,,DC9E",wechat,26157906780300008920,26157906780300008920,2026-03-02,2026-03-02,9.50,9.50,True,True,qrcode,qrcode,
1_91150104328966618J_e799aa0a888b49929327dbdc794424b0.pdf,ok,1,1,"01,32,,26157906780300009284,26.60,20260302,,4529","01,32,,26157906780300009284,26.60,20260302,,4529",wechat,26157906780300009284,26157906780300009284,2026-03-02,2026-03-02,26.60,26.60,True,True,qrcode,qrcode,
1_91330000142942095H_92a4ba9ff5e24c0ca79667a85357efc5.pdf,ok,1,1,"01,32,,26337904450300024267,13.73,20260302,,1C42","01,32,,26337904450300024267,13.73,20260302,,1C42",wechat,26337904450300024267,26337904450300024267,2026-03-02,2026-03-02,13.73,13.73,True,True,qrcode,qrcode,
1_913301007595365056_74b762ab23c545bea175291c4e9c71e5.pdf,ok,1,1,"01,32,,26337906210400590013,10.01,20260422,,349F","01,32,,26337906210400590013,10.01,20260422,,349F",wechat,26337906210400590013,26337906210400590013,2026-04-22,2026-04-22,10.01,10.01,True,True,qrcode,qrcode,
1_91330185682917122X_6b323d4f82014487bee3eb74830b9ae6.pdf,ok,1,1,"01,32,,26337903980500008662,48.45,20260506,,D0E0","01,32,,26337903980500008662,48.45,20260506,,D0E0",wechat,26337903980500008662,26337903980500008662,2026-05-06,2026-05-06,48.45,48.45,True,True,qrcode,qrcode,
2025.10.10杭州-芜湖.pdf,ok,1,1,"01,51,,25339166279001168649,114.00,20251118,,c84a","01,51,,25339166279001168649,114.00,20251118,,c84a",wechat,25339166279001168649,25339166279001168649,2025-11-18,2025-11-18,114.00,114.00,True,True,qrcode,qrcode,
24332000000475786244_浙江京能电力设备有限公司.pdf,ok,1,1,"01,32,,24332000000475786244,300.00,20241219,,9AAB","01,32,,24332000000475786244,300.00,20241219,,9AAB",wechat,24332000000475786244,24332000000475786244,2024-12-19,2024-12-19,300.00,300.00,True,True,qrcode,qrcode,
24332000000475836098_浙江京能电力设备有限公司.pdf,ok,1,1,"01,32,,24332000000475836098,300.00,20241219,,4985","01,32,,24332000000475836098,300.00,20241219,,4985",wechat,24332000000475836098,24332000000475836098,2024-12-19,2024-12-19,300.00,300.00,True,True,qrcode,qrcode,
24339166279000011042.pdf,ok,1,1,"01,51,,24339166279000011042,288.00,20241126,,efeb","01,51,,24339166279000011042,288.00,20241126,,efeb",wechat,24339166279000011042,24339166279000011042,2024-11-26,2024-11-26,288.00,288.00,True,True,qrcode,qrcode,
24349119343000005172.pdf,ok,1,1,"01,51,,24349119343000005172,326.50,20241126,,4581","01,51,,24349119343000005172,326.50,20241126,,4581",wechat,24349119343000005172,24349119343000005172,2024-11-26,2024-11-26,326.50,326.50,True,True,qrcode,qrcode,
25319166100000338217.pdf,ok,1,1,"01,51,,25319166100000338217,110.00,20250125,,ac23","01,51,,25319166100000338217,110.00,20250125,,ac23",wechat,25319166100000338217,25319166100000338217,2025-01-25,2025-01-25,110.00,110.00,True,True,qrcode,qrcode,
25329131712000005167.pdf,ok,1,1,"01,51,,25329131712000005167,160.00,20250712,,a237","01,51,,25329131712000005167,160.00,20250712,,a237",wechat,25329131712000005167,25329131712000005167,2025-07-12,2025-07-12,160.00,160.00,True,True,qrcode,qrcode,
25332000000237537175_浙江京能电力设备有限公司.pdf,ok,1,1,"01,32,,25332000000237537175,18.00,20250605,,C85B","01,32,,25332000000237537175,18.00,20250605,,C85B",wechat,25332000000237537175,25332000000237537175,2025-06-05,2025-06-05,18.00,18.00,True,True,qrcode,qrcode,
25332000000317383005_浙江京能电力设备有限公司.pdf,ok,1,1,"01,32,,25332000000317383005,18.00,20250722,,6051","01,32,,25332000000317383005,18.00,20250722,,6051",wechat,25332000000317383005,25332000000317383005,2025-07-22,2025-07-22,18.00,18.00,True,True,qrcode,qrcode,
25332000000472104329 西门子面试停车费.pdf,ok,1,1,"01,32,,25332000000472104329,25.00,20251023,,6E68","01,32,,25332000000472104329,25.00,20251023,,6E68",wechat,25332000000472104329,25332000000472104329,2025-10-23,2025-10-23,25.00,25.00,True,True,qrcode,qrcode,
25332000000586230371.pdf,ok,1,1,"01,32,,25332000000586230371,30.00,20251217,,F5D5","01,32,,25332000000586230371,30.00,20251217,,F5D5",wechat,25332000000586230371,25332000000586230371,2025-12-17,2025-12-17,30.00,30.00,True,True,qrcode,qrcode,
25332000000589055127.pdf,ok,1,1,"01,32,,25332000000589055127,15.00,20251219,,6602","01,32,,25332000000589055127,15.00,20251219,,6602",wechat,25332000000589055127,25332000000589055127,2025-12-19,2025-12-19,15.00,15.00,True,True,qrcode,qrcode,
25339131854000111547.pdf,ok,1,1,"01,51,,25339131854000111547,38.00,20250529,,e1a8","01,51,,25339131854000111547,38.00,20250529,,e1a8",wechat,25339131854000111547,25339131854000111547,2025-05-29,2025-05-29,38.00,38.00,True,True,qrcode,qrcode,
25339166279000035312.pdf,ok,1,1,"01,51,,25339166279000035312,99.00,20250125,,c20f","01,51,,25339166279000035312,99.00,20250125,,c20f",wechat,25339166279000035312,25339166279000035312,2025-01-25,2025-01-25,99.00,99.00,True,True,qrcode,qrcode,
25339166279000348699.pdf,ok,1,1,"01,51,,25339166279000348699,38.00,20250529,,aa9b","01,51,,25339166279000348699,38.00,20250529,,aa9b",wechat,25339166279000348699,25339166279000348699,2025-05-29,2025-05-29,38.00,38.00,True,True,qrcode,qrcode,
25339166279000375318.pdf,ok,1,1,"01,51,,25339166279000375318,117.00,20250606,,8d45","01,51,,25339166279000375318,117.00,20250606,,8d45",wechat,25339166279000375318,25339166279000375318,2025-06-06,2025-06-06,117.00,117.00,True,True,qrcode,qrcode,
25339166279000508922.pdf,ok,1,1,"01,51,,25339166279000508922,193.00,20250712,,c5ff","01,51,,25339166279000508922,193.00,20250712,,c5ff",wechat,25339166279000508922,25339166279000508922,2025-07-12,2025-07-12,193.00,193.00,True,True,qrcode,qrcode,
25339166279000508923.pdf,ok,1,1,"01,51,,25339166279000508923,207.00,20250712,,9cf0","01,51,,25339166279000508923,207.00,20250712,,9cf0",wechat,25339166279000508923,25339166279000508923,2025-07-12,2025-07-12,207.00,207.00,True,True,qrcode,qrcode,
25339166279000549203.pdf,ok,1,1,"01,51,,25339166279000549203,132.00,20250723,,bcf5","01,51,,25339166279000549203,132.00,20250723,,bcf5",wechat,25339166279000549203,25339166279000549203,2025-07-23,2025-07-23,132.00,132.00,True,True,qrcode,qrcode,
25339166279000587106.pdf,ok,1,1,"01,51,,25339166279000587106,136.00,20250801,,e0c0","01,51,,25339166279000587106,136.00,20250801,,e0c0",wechat,25339166279000587106,25339166279000587106,2025-08-01,2025-08-01,136.00,136.00,True,True,qrcode,qrcode,
25339166279001173290.pdf,ok,1,1,"01,51,,25339166279001173290,114.00,20251118,,e2ca","01,51,,25339166279001173290,114.00,20251118,,e2ca",wechat,25339166279001173290,25339166279001173290,2025-11-18,2025-11-18,114.00,114.00,True,True,qrcode,qrcode,
25339190041000245191.pdf,ok,1,1,"01,51,,25339190041000245191,16.00,20250121,,aace","01,51,,25339190041000245191,16.00,20250121,,aace",wechat,25339190041000245191,25339190041000245191,2025-01-21,2025-01-21,16.00,16.00,True,True,qrcode,qrcode,
25349119423001730728.pdf,ok,1,1,"01,51,,25349119423001730728,175.00,20250712,,61de","01,51,,25349119423001730728,175.00,20250712,,61de",wechat,25349119423001730728,25349119423001730728,2025-07-12,2025-07-12,175.00,175.00,True,True,qrcode,qrcode,
25349119423001730729.pdf,ok,1,1,"01,51,,25349119423001730729,175.00,20250712,,9de3","01,51,,25349119423001730729,175.00,20250712,,9de3",wechat,25349119423001730729,25349119423001730729,2025-07-12,2025-07-12,175.00,175.00,True,True,qrcode,qrcode,
25349119424000261804.pdf,ok,1,1,"01,51,,25349119424000261804,101.00,20250712,,4655","01,51,,25349119424000261804,101.00,20250712,,4655",wechat,25349119424000261804,25349119424000261804,2025-07-12,2025-07-12,101.00,101.00,True,True,qrcode,qrcode,
25349130926000363218.pdf,ok,1,1,"01,51,,25349130926000363218,134.00,20250606,,23cb","01,51,,25349130926000363218,134.00,20250606,,23cb",wechat,25349130926000363218,25349130926000363218,2025-06-06,2025-06-06,134.00,134.00,True,True,qrcode,qrcode,
25349130926000519277.pdf,ok,1,1,"01,51,,25349130926000519277,110.00,20250723,,9d3a","01,51,,25349130926000519277,110.00,20250723,,9d3a",wechat,25349130926000519277,25349130926000519277,2025-07-23,2025-07-23,110.00,110.00,True,True,qrcode,qrcode,
25349130926000552355.pdf,ok,1,1,"01,51,,25349130926000552355,112.00,20250801,,2e94","01,51,,25349130926000552355,112.00,20250801,,2e94",wechat,25349130926000552355,25349130926000552355,2025-08-01,2025-08-01,112.00,112.00,True,True,qrcode,qrcode,
25349130926001105461.pdf,ok,1,1,"01,51,,25349130926001105461,134.00,20251118,,72b3","01,51,,25349130926001105461,134.00,20251118,,72b3",wechat,25349130926001105461,25349130926001105461,2025-11-18,2025-11-18,134.00,134.00,True,True,qrcode,qrcode,
25939133187000013081.pdf,ok,1,1,"01,51,,25939133187000013081,37.00,20250121,,3da9","01,51,,25939133187000013081,37.00,20250121,,3da9",wechat,25939133187000013081,25939133187000013081,2025-01-21,2025-01-21,37.00,37.00,True,True,qrcode,qrcode,
25年百度云盘续费.pdf,ok,1,1,"01,31,,25117000001337967846,186.00,20251029,,773F","01,31,,25117000001337967846,186.00,20251029,,773F",wechat,25117000001337967846,25117000001337967846,2025-10-29,2025-10-29,186.00,186.00,True,True,qrcode,qrcode,
26117000000093305187-93305187.pdf,ok,1,1,"01,32,,26117000000093305187,609.00,20260108,,786C","01,32,,26117000000093305187,609.00,20260108,,786C",wechat,26117000000093305187,26117000000093305187,2026-01-08,2026-01-08,609.00,609.00,True,True,qrcode,qrcode,
26117000000093533327-93533327.pdf,ok,1,1,"01,32,,26117000000093533327,609.00,20260108,,B096","01,32,,26117000000093533327,609.00,20260108,,B096",wechat,26117000000093533327,26117000000093533327,2026-01-08,2026-01-08,609.00,609.00,True,True,qrcode,qrcode,
26319132270000068535-电子发票.pdf,ok,1,1,"01,51,,26319132270000068535,177.00,20260112,,af2e","01,51,,26319132270000068535,177.00,20260112,,af2e",wechat,26319132270000068535,26319132270000068535,2026-01-12,2026-01-12,177.00,177.00,True,True,qrcode,qrcode,
26319166100000123256.pdf,ok,1,1,"01,51,,26319166100000123256,105.00,20260105,,4a70","01,51,,26319166100000123256,105.00,20260105,,4a70",wechat,26319166100000123256,26319166100000123256,2026-01-05,2026-01-05,105.00,105.00,True,True,qrcode,qrcode,
26319166100002763800.pdf,ok,1,1,"01,51,,26319166100002763800,103.00,20260312,,3c83","01,51,,26319166100002763800,103.00,20260312,,3c83",wechat,26319166100002763800,26319166100002763800,2026-03-12,2026-03-12,103.00,103.00,True,True,qrcode,qrcode,
26319199022000001818.pdf,ok,1,1,"01,51,,26319199022000001818,108.00,20260105,,4d19","01,51,,26319199022000001818,108.00,20260105,,4d19",wechat,26319199022000001818,26319199022000001818,2026-01-05,2026-01-05,108.00,108.00,True,True,qrcode,qrcode,
26329116561000118061.pdf,ok,1,1,"01,51,,26329116561000118061,68.00,20260321,,b63f","01,51,,26329116561000118061,68.00,20260321,,b63f",wechat,26329116561000118061,26329116561000118061,2026-03-21,2026-03-21,68.00,68.00,True,True,qrcode,qrcode,
26329116804000607896.pdf,ok,1,1,"01,51,,26329116804000607896,115.00,20260119,,b6f0","01,51,,26329116804000607896,115.00,20260119,,b6f0",wechat,26329116804000607896,26329116804000607896,2026-01-19,2026-01-19,115.00,115.00,True,True,qrcode,qrcode,
26329117368000004990.pdf,ok,1,1,"01,51,,26329117368000004990,166.00,20260105,,7d11","01,51,,26329117368000004990,166.00,20260105,,7d11",wechat,26329117368000004990,26329117368000004990,2026-01-05,2026-01-05,166.00,166.00,True,True,qrcode,qrcode,
26329117368000104267.pdf,ok,1,1,"01,51,,26329117368000104267,282.00,20260321,,375e","01,51,,26329117368000104267,282.00,20260321,,375e",wechat,26329117368000104267,26329117368000104267,2026-03-21,2026-03-21,282.00,282.00,True,True,qrcode,qrcode,
26329130530000158364.pdf,ok,1,1,"01,51,,26329130530000158364,166.00,20260119,,7493","01,51,,26329130530000158364,166.00,20260119,,7493",wechat,26329130530000158364,26329130530000158364,2026-01-19,2026-01-19,166.00,166.00,True,True,qrcode,qrcode,
26332000000292479481_浙江京能电力设备有限公司.pdf,ok,1,1,"01,32,,26332000000292479481,18.00,20260112,,5271","01,32,,26332000000292479481,18.00,20260112,,5271",wechat,26332000000292479481,26332000000292479481,2026-01-12,2026-01-12,18.00,18.00,True,True,qrcode,qrcode,
26332000000379073611_浙江京能电力设备有限公司.pdf,ok,1,1,"01,32,,26332000000379073611,17.00,20260114,,200D","01,32,,26332000000379073611,17.00,20260114,,200D",wechat,26332000000379073611,26332000000379073611,2026-01-14,2026-01-14,17.00,17.00,True,True,qrcode,qrcode,
26332000001999887016_浙江京能电力设备有限公司_2.pdf,ok,1,1,"01,32,,26332000001999887016,18.00,20260312,,5353","01,32,,26332000001999887016,18.00,20260312,,5353",wechat,26332000001999887016,26332000001999887016,2026-03-12,2026-03-12,18.00,18.00,True,True,qrcode,qrcode,
26332000003127762651_浙江京能电力设备有限公司.pdf,ok,1,1,"01,32,,26332000003127762651,18.00,20260416,,58A3","01,32,,26332000003127762651,18.00,20260416,,58A3",wechat,26332000003127762651,26332000003127762651,2026-04-16,2026-04-16,18.00,18.00,True,True,qrcode,qrcode,
26332000003212410981_浙江京能电力设备有限公司.pdf,ok,1,1,"01,32,,26332000003212410981,5.00,20260420,,805D","01,32,,26332000003212410981,5.00,20260420,,805D",wechat,26332000003212410981,26332000003212410981,2026-04-20,2026-04-20,5.00,5.00,True,True,qrcode,qrcode,
26332000003490196551-众鑫出差停车费.pdf,ok,1,1,"01,32,,26332000003490196551,30.00,20260428,,81D3","01,32,,26332000003490196551,30.00,20260428,,81D3",wechat,26332000003490196551,26332000003490196551,2026-04-28,2026-04-28,30.00,30.00,True,True,qrcode,qrcode,
26339166279000018661.pdf,ok,1,1,"01,51,,26339166279000018661,106.00,20260105,,be78","01,51,,26339166279000018661,106.00,20260105,,be78",wechat,26339166279000018661,26339166279000018661,2026-01-05,2026-01-05,106.00,106.00,True,True,qrcode,qrcode,
26339166279000059805.pdf,ok,1,1,"01,51,,26339166279000059805,103.00,20260112,,c779","01,51,,26339166279000059805,103.00,20260112,,c779",wechat,26339166279000059805,26339166279000059805,2026-01-12,2026-01-12,103.00,103.00,True,True,qrcode,qrcode,
26339166279000068000.pdf,ok,1,1,"01,51,,26339166279000068000,103.00,20260113,,aae9","01,51,,26339166279000068000,103.00,20260113,,aae9",wechat,26339166279000068000,26339166279000068000,2026-01-13,2026-01-13,103.00,103.00,True,True,qrcode,qrcode,
26339166279000100973.pdf,ok,1,1,"01,51,,26339166279000100973,115.00,20260119,,e999","01,51,,26339166279000100973,115.00,20260119,,e999",wechat,26339166279000100973,26339166279000100973,2026-01-19,2026-01-19,115.00,115.00,True,True,qrcode,qrcode,
26339166279000411607.pdf,ok,1,1,"01,51,,26339166279000411607,110.00,20260312,,80dd","01,51,,26339166279000411607,110.00,20260312,,80dd",wechat,26339166279000411607,26339166279000411607,2026-03-12,2026-03-12,110.00,110.00,True,True,qrcode,qrcode,
26339166279000471840.pdf,ok,1,1,"01,51,,26339166279000471840,155.00,20260321,,50ea","01,51,,26339166279000471840,155.00,20260321,,50ea",wechat,26339166279000471840,26339166279000471840,2026-03-21,2026-03-21,155.00,155.00,True,True,qrcode,qrcode,
26339166279000685744.pdf,ok,1,1,"01,51,,26339166279000685744,114.00,20260416,,30de","01,51,,26339166279000685744,114.00,20260416,,30de",wechat,26339166279000685744,26339166279000685744,2026-04-16,2026-04-16,114.00,114.00,True,True,qrcode,qrcode,
26349130926000062319.pdf,ok,1,1,"01,51,,26349130926000062319,114.00,20260112,,51b2","01,51,,26349130926000062319,114.00,20260112,,51b2",wechat,26349130926000062319,26349130926000062319,2026-01-12,2026-01-12,114.00,114.00,True,True,qrcode,qrcode,
26349130926000068256-电子发票.pdf,ok,1,1,"01,51,,26349130926000068256,203.00,20260112,,c58","01,51,,26349130926000068256,203.00,20260112,,c58",wechat,26349130926000068256,26349130926000068256,2026-01-12,2026-01-12,203.00,203.00,True,True,qrcode,qrcode,
26349130926000070911.pdf,ok,1,1,"01,51,,26349130926000070911,114.00,20260113,,1fc5","01,51,,26349130926000070911,114.00,20260113,,1fc5",wechat,26349130926000070911,26349130926000070911,2026-01-13,2026-01-13,114.00,114.00,True,True,qrcode,qrcode,
26349130926000655015.pdf,ok,1,1,"01,51,,26349130926000655015,136.00,20260416,,2eb5","01,51,,26349130926000655015,136.00,20260416,,2eb5",wechat,26349130926000655015,26349130926000655015,2026-04-16,2026-04-16,136.00,136.00,True,True,qrcode,qrcode,
2_91330000142942095H_8f56d74fa45d4685adec1f007f358236.pdf,ok,1,1,"01,32,,26337904450300024254,104.24,20260302,,C1C3","01,32,,26337904450300024254,104.24,20260302,,C1C3",wechat,26337904450300024254,26337904450300024254,2026-03-02,2026-03-02,104.24,104.24,True,True,qrcode,qrcode,
2_91330000671623030L_7f1d268f31e947759715a996b1b61eac.pdf,ok,1,1,"01,32,,26337904580300036905,2.88,20260302,,BB09","01,32,,26337904580300036905,2.88,20260302,,BB09",wechat,26337904580300036905,26337904580300036905,2026-03-02,2026-03-02,2.88,2.88,True,True,qrcode,qrcode,
2_91330000MA27U0MA2E_7f15c644faec41c68716923ca74aa4f4.pdf,ok,1,1,"01,32,,26337904680300146103,12.13,20260312,,1403","01,32,,26337904680300146103,12.13,20260312,,1403",wechat,26337904680300146103,26337904680300146103,2026-03-12,2026-03-12,12.13,12.13,True,True,qrcode,qrcode,
2_91330402667114241B_5de7fb8d0fe9499c84a176ee8d7104e8.pdf,ok,1,1,"01,32,,26337903290400148072,2.78,20260422,,EF63","01,32,,26337903290400148072,2.78,20260422,,EF63",wechat,26337903290400148072,26337903290400148072,2026-04-22,2026-04-22,2.78,2.78,True,True,qrcode,qrcode,
2_913410007255455936_393135a39b014631a2a2a3531c7331bd.pdf,ok,1,1,"01,32,,26347904840500005122,19.51,20260506,,2E02","01,32,,26347904840500005122,19.51,20260506,,2E02",wechat,26347904840500005122,26347904840500005122,2026-05-06,2026-05-06,19.51,19.51,True,True,qrcode,qrcode,
2e1d43b4d7d8478084afb807fe3902be.pdf,ok,1,1,"01,32,,26337000000203458797,232.26,20260302,,81c0","01,32,,26337000000203458797,232.26,20260302,,81c0",wechat,26337000000203458797,26337000000203458797,2026-03-02,2026-03-02,232.26,232.26,True,True,qrcode,qrcode,
3318170347天猫-26312000000344535916_浙江京能电力设备有限公司_20260119144454.pdf,ok,1,1,"01,31,,26312000000344535916,7519.00,20260119,,1731","01,31,,26312000000344535916,7519.00,20260119,,1731",wechat,26312000000344535916,26312000000344535916,2026-01-19,2026-01-19,7519.00,7519.00,True,True,qrcode,qrcode,
3378482017710003发票.pdf,ok,1,1,"01,31,,26117000000198146693,589.00,20260202,,972F","01,31,,26117000000198146693,589.00,20260202,,972F",wechat,26117000000198146693,26117000000198146693,2026-02-02,2026-02-02,589.00,589.00,True,True,qrcode,qrcode,
34d6129319164fb8af7ad89d338a45a8.pdf,ok,1,1,"01,32,,26337000000025644359,100.00,20260302,,1d5a","01,32,,26337000000025644359,100.00,20260302,,1d5a",wechat,26337000000025644359,26337000000025644359,2026-03-02,2026-03-02,100.00,100.00,True,True,qrcode,qrcode,
356ecb118d5641369ecfa4077c26dff9.pdf,ok,1,1,"01,32,,25337000000417456146,215.00,20250905,,4bc2","01,32,,25337000000417456146,215.00,20250905,,4bc2",wechat,25337000000417456146,25337000000417456146,2025-09-05,2025-09-05,215.00,215.00,True,True,qrcode,qrcode,
38042bdd6eda4a3b98bbb67e3acc547f.pdf,ok,1,1,"01,32,,25337000000417458114,220.00,20250905,,1b7c","01,32,,25337000000417458114,220.00,20250905,,1b7c",wechat,25337000000417458114,25337000000417458114,2025-09-05,2025-09-05,220.00,220.00,True,True,qrcode,qrcode,
3_91330000671623030L_92ad2bf28c5b403ab93d14347bd55b24.pdf,ok,1,1,"01,32,,26337904580300036895,0.52,20260302,,962C","01,32,,26337904580300036895,0.52,20260302,,962C",wechat,26337904580300036895,26337904580300036895,2026-03-02,2026-03-02,0.52,0.52,True,True,qrcode,qrcode,
3_91330100716107196N_d58603268dfc48e7979d6f4ece22e28f.pdf,ok,1,1,"01,32,,26337903770300010371,0.76,20260302,,B922","01,32,,26337903770300010371,0.76,20260302,,B922",wechat,26337903770300010371,26337903770300010371,2026-03-02,2026-03-02,0.76,0.76,True,True,qrcode,qrcode,
3_913301007595365056_6bff9819e40443718f4a3e45e8ed84fe.pdf,ok,1,1,"01,32,,26337906210300290774,3.96,20260312,,2AEA","01,32,,26337906210300290774,3.96,20260312,,2AEA",wechat,26337906210300290774,26337906210300290774,2026-03-12,2026-03-12,3.96,3.96,True,True,qrcode,qrcode,
3_91330402765214633Q_aa5ce869ce264a17909a7862dea9fd2a.pdf,ok,1,1,"01,32,,26337904010400219239,33.14,20260422,,06C7","01,32,,26337904010400219239,33.14,20260422,,06C7",wechat,26337904010400219239,26337904010400219239,2026-04-22,2026-04-22,33.14,33.14,True,True,qrcode,qrcode,
444e21684c6142ed914df87b42b69697.pdf,ok,1,1,"01,32, ,25337000000014360579,291.00,20250121, ,4880","01,32, ,25337000000014360579,291.00,20250121, ,4880",wechat,25337000000014360579,25337000000014360579,2025-01-21,2025-01-21,291.00,291.00,True,True,qrcode,qrcode,
480835f06c1d4eefaa0cc23bc6c8221e.pdf,ok,1,1,"01,32,,26337906210100342739,41.80,20260113,,2B97","01,32,,26337906210100342739,41.80,20260113,,2B97",wechat,26337906210100342739,26337906210100342739,2026-01-13,2026-01-13,41.80,41.80,True,True,qrcode,qrcode,
4_91330100716107196N_79daa008f1c043d6a85e358adcb9afbe.pdf,ok,1,1,"01,32,,26337903770300010365,0.69,20260302,,5565","01,32,,26337903770300010365,0.69,20260302,,5565",wechat,26337903770300010365,26337903770300010365,2026-03-02,2026-03-02,0.69,0.69,True,True,qrcode,qrcode,
4_913301007595365056_3ea1b7df044d458b8515e25145918b68.pdf,ok,1,1,"01,32,,26337906210300032661,45.86,20260302,,1C44","01,32,,26337906210300032661,45.86,20260302,,1C44",wechat,26337906210300032661,26337906210300032661,2026-03-02,2026-03-02,45.86,45.86,True,True,qrcode,qrcode,
4d84415c2a144274a01519028cb32322.pdf,ok,1,1,"01,32,,25337905161100004862,32.72,20251118,,4B07","01,32,,25337905161100004862,32.72,20251118,,4B07",wechat,25337905161100004862,25337905161100004862,2025-11-18,2025-11-18,32.72,32.72,True,True,qrcode,qrcode,
4OZTBCXRRUGANQZYY2A6.pdf,ok,1,1,"01,32,,25337000000081514415,7.00,20250121,,1987","01,32,,25337000000081514415,7.00,20250121,,1987",wechat,25337000000081514415,25337000000081514415,2025-01-21,2025-01-21,7.00,7.00,True,True,qrcode,qrcode,
5200af3411604c3db47e3fce8c5dbe47.pdf,ok,1,1,"01,32,,26337000000023606628,222.00,20260113,,298b","01,32,,26337000000023606628,222.00,20260113,,298b",wechat,26337000000023606628,26337000000023606628,2026-01-13,2026-01-13,222.00,222.00,True,True,qrcode,qrcode,
5994b633-4575-4c4c-a73d-a44f88bcd774.pdf,ok,1,1,"01,32,,24332000000481840275,400.00,20241223,,F396","01,32,,24332000000481840275,400.00,20241223,,F396",wechat,24332000000481840275,24332000000481840275,2024-12-23,2024-12-23,400.00,400.00,True,True,qrcode,qrcode,
5_913301007595365056_f4e959e3805045d989b94f01bf729f0a.pdf,ok,1,1,"01,32,,26337906210300032650,22.17,20260302,,092D","01,32,,26337906210300032650,22.17,20260302,,092D",wechat,26337906210300032650,26337906210300032650,2026-03-02,2026-03-02,22.17,22.17,True,True,qrcode,qrcode,
5台起重标牌外购 ￥208.pdf,ok,1,1,"01,32,,24332000000293256643,208.00,20240828,,B16D","01,32,,24332000000293256643,208.00,20240828,,B16D",wechat,24332000000293256643,24332000000293256643,2024-08-28,2024-08-28,208.00,208.00,True,True,qrcode,qrcode,
608a8f59862d47f09be189ac68c03d5b.pdf,ok,1,1,"01,32,,25337000000439405220,262.04,20250929,,d716","01,32,,25337000000439405220,262.04,20250929,,d716",wechat,25337000000439405220,25337000000439405220,2025-09-29,2025-09-29,262.04,262.04,True,True,qrcode,qrcode,
653c3b0e11e44679bd914bc7c464fddd.pdf,ok,1,1,"01,32, ,25337000000013034857,246.00,20250121, ,9b0d","01,32, ,25337000000013034857,246.00,20250121, ,9b0d",wechat,25337000000013034857,25337000000013034857,2025-01-21,2025-01-21,246.00,246.00,True,True,qrcode,qrcode,
6_9133020077560669XB_efb6697e16594b61bfe89520c96ea764.pdf,ok,1,1,"01,32,,26937906990300012436,13.09,20260302,,229B","01,32,,26937906990300012436,13.09,20260302,,229B",wechat,26937906990300012436,26937906990300012436,2026-03-02,2026-03-02,13.09,13.09,True,True,qrcode,qrcode,
6a27bac1d13b45ab9a45453a805388fd.pdf,ok,1,1,"01,32,,25347905851100557478,9.26,20251118,,BE38","01,32,,25347905851100557478,9.26,20251118,,BE38",wechat,25347905851100557478,25347905851100557478,2025-11-18,2025-11-18,9.26,9.26,True,True,qrcode,qrcode,
7_91330200793005249J_a4ff60e833f741409b299bffbff190f8.pdf,ok,1,1,"01,32,,26937903390300011176,11.89,20260302,,25A8","01,32,,26937903390300011176,11.89,20260302,,25A8",wechat,26937903390300011176,26937903390300011176,2026-03-02,2026-03-02,11.89,11.89,True,True,qrcode,qrcode,
80244dc429c44cc994916c5dff709b95.pdf,ok,1,1,"01,32,,26337000000101829247,200.00,20260312,,5634","01,32,,26337000000101829247,200.00,20260312,,5634",wechat,26337000000101829247,26337000000101829247,2026-03-12,2026-03-12,200.00,200.00,True,True,qrcode,qrcode,
8_91330900768682408B_faeef2724f8c47148b9d706780a121cf.pdf,ok,1,1,"01,32,,26337907070300005972,170.97,20260302,,BCD5","01,32,,26337907070300005972,170.97,20260302,,BCD5",wechat,26337907070300005972,26337907070300005972,2026-03-02,2026-03-02,170.97,170.97,True,True,qrcode,qrcode,
8b90ed01fede45b39ea96cac06836f7d.pdf,ok,1,1,"01,32,,26337000000203460759,260.91,20260302,,6ac2","01,32,,26337000000203460759,260.91,20260302,,6ac2",wechat,26337000000203460759,26337000000203460759,2026-03-02,2026-03-02,260.91,260.91,True,True,qrcode,qrcode,
8f3d06e57cf74f7fa28f9d5eb6500d5f.pdf,ok,1,1,"01,32,,25347906671100028340,34.44,20251118,,91A4","01,32,,25347906671100028340,34.44,20251118,,91A4",wechat,25347906671100028340,25347906671100028340,2025-11-18,2025-11-18,34.44,34.44,True,True,qrcode,qrcode,
91150104328966618J_936d2aed1f5045caa0ceccc33fd35ef8.pdf,ok,1,1,"01,10,015002000112,57862982,26.6,20241206,09201483188028691721,1123,","01,10,015002000112,57862982,26.6,20241206,09201483188028691721,1123,",wechat,57862982,57862982,2024-12-06,2024-12-06,26.60,26.60,True,True,qrcode,qrcode,
91150104328966618J_df0f462d32744d24b6cc1f5961b15c57.pdf,ok,1,1,"01,10,015002000112,59191366,88.05,20250929,04629824210826463863,1C22,","01,10,015002000112,59191366,88.05,20250929,04629824210826463863,1C22,",wechat,59191366,59191366,2025-09-29,2025-09-29,88.05,88.05,True,True,qrcode,qrcode,
913205081377692080_21932472a0ae4b4790b13d841413bf7f.pdf,ok,1,1,"01,10,032002300212,50577631,20.27,20250929,04742299073447126032,7AEC,","01,10,032002300212,50577631,20.27,20250929,04742299073447126032,7AEC,",wechat,50577631,50577631,2025-09-29,2025-09-29,20.88,20.88,True,True,qrcode,qrcode,
91320509767362592K_e6210be9ea934ede8d57e8561910de60.pdf,ok,1,1,"01,10,032002300212,47990003,30.1,20250929,16694627137777222733,FD3D,","01,10,032002300212,47990003,30.1,20250929,16694627137777222733,FD3D,",wechat,47990003,47990003,2025-09-29,2025-09-29,31.00,31.00,True,True,qrcode,qrcode,
91330000MA27U0975G_3535b9ac0c9b4eeaba502188721cb880.pdf,ok,1,1,"01,10,033002300112,77888165,27.78,20250905,09029498383852223014,54C7,","01,10,033002300112,77888165,27.78,20250905,09029498383852223014,54C7,",wechat,77888165,77888165,2025-09-05,2025-09-05,30.28,30.28,True,True,qrcode,qrcode,
91330100716107196N_07804f0f920d40d98ad336d412de2ab3.pdf,ok,1,1,"01,10,033002300112,60488903,1.55,20241006,17286381043199378101,8B17,","01,10,033002300112,60488903,1.55,20241006,17286381043199378101,8B17,",wechat,60488903,60488903,2024-10-06,2024-10-06,1.60,1.60,True,True,qrcode,qrcode,
91330100716107196N_299260eee3ff4386a6f2e7409a90e11b.pdf,ok,1,1,"01,10,033002300112,60939033,3.2,20241105,16859409437000247336,BE47,","01,10,033002300112,60939033,3.2,20241105,16859409437000247336,BE47,",wechat,60939033,60939033,2024-11-05,2024-11-05,3.30,3.30,True,True,qrcode,qrcode,
913301007595365056_bee1455d0fe6436ebb258044c1d4c014.pdf,ok,1,1,"01,10,033002200112,70573307,64.75,20241105,02939669968799045126,475D,","01,10,033002200112,70573307,64.75,20241105,02939669968799045126,475D,",wechat,70573307,70573307,2024-11-05,2024-11-05,66.69,66.69,True,True,qrcode,qrcode,
913301007595365056_e1f44858f6364a9995eb8eea36b3ea0c.pdf,ok,1,1,"01,10,033002300112,71745228,32.21,20241006,10387930605841018754,08EC,","01,10,033002300112,71745228,32.21,20241006,10387930605841018754,08EC,",wechat,71745228,71745228,2024-10-06,2024-10-06,33.18,33.18,True,True,qrcode,qrcode,
91330103MA27W9E48C_b87a69a418674cbfb836526c31066d65.pdf,ok,1,1,"01,10,033002300112,94788268,10.74,20250929,00918503903041578583,F2B4,","01,10,033002300112,94788268,10.74,20250929,00918503903041578583,F2B4,",wechat,94788268,94788268,2025-09-29,2025-09-29,11.06,11.06,True,True,qrcode,qrcode,
91330185682917122X_84a3827e10b743aa80c3397642e17073.pdf,ok,1,1,"01,10,033002300112,76303392,38.6,20250905,00413498635236077033,E22B,","01,10,033002300112,76303392,38.6,20250905,00413498635236077033,E22B,",wechat,76303392,76303392,2025-09-05,2025-09-05,39.76,39.76,True,True,qrcode,qrcode,
91330402765214633Q_9b211857d3214f0eb021ddd0967025ec.pdf,ok,1,1,"01,10,033002500112,45234927,60.87,20250723,06836530221396663113,9441,","01,10,033002500112,45234927,60.87,20250723,06836530221396663113,9441,",wechat,45234927,45234927,2025-07-23,2025-07-23,62.70,62.70,True,True,qrcode,qrcode,
91330500097917113D_3bf46212bedb40cfbc2f3750f0d9992d.pdf,ok,1,1,"01,10,033002400112,52953589,7.32,20250120,17989581517913172572,841E,","01,10,033002400112,52953589,7.32,20250120,17989581517913172572,841E,",wechat,52953589,52953589,2025-01-20,2025-01-20,7.54,7.54,True,True,qrcode,qrcode,
91330500097917113D_55d0e875d2414ec28ca5fee581468cb2.pdf,ok,1,1,"01,10,033002400112,03478494,7.32,20241218,07024401423708775234,8C29,","01,10,033002400112,03478494,7.32,20241218,07024401423708775234,8C29,",wechat,03478494,03478494,2024-12-18,2024-12-18,7.54,7.54,True,True,qrcode,qrcode,
91330500097917113D_7e8ab8111d1f411095cc37d5f808e113.pdf,ok,1,1,"01,10,033002400112,03362669,7.32,20241206,14816453364531209880,72E6,","01,10,033002400112,03362669,7.32,20241206,14816453364531209880,72E6,",wechat,03362669,03362669,2024-12-06,2024-12-06,7.54,7.54,True,True,qrcode,qrcode,
91330500097917113D_fd9beb7a4ba8475ba6025d12f1fee16c.pdf,ok,1,1,"01,10,033002400112,03480057,7.32,20241219,02369676795834024567,E602,","01,10,033002400112,03480057,7.32,20241219,02369676795834024567,E602,",wechat,03480057,03480057,2024-12-19,2024-12-19,7.54,7.54,True,True,qrcode,qrcode,
913305237731287199_3b57630a189548cea1df74b617c53993.pdf,ok,1,1,"01,10,033002400112,59770464,1.54,20250929,07162668702865595927,32C6,","01,10,033002400112,59770464,1.54,20250929,07162668702865595927,32C6,",wechat,59770464,59770464,2025-09-29,2025-09-29,1.59,1.59,True,True,qrcode,qrcode,
913305237731287199_50f0bf4f6fb44cea818feb076efa9423.pdf,ok,1,1,"01,10,033002400112,04941622,35.13,20241105,07162856049557450652,A897,","01,10,033002400112,04941622,35.13,20241105,07162856049557450652,A897,",wechat,04941622,04941622,2024-11-05,2024-11-05,36.18,36.18,True,True,qrcode,qrcode,
913305237731287199_859d489aa9c74f018475b261f6c92f31.pdf,ok,1,1,"01,10,033002400112,05095745,61.86,20241206,05004410889536577260,3423,","01,10,033002400112,05095745,61.86,20241206,05004410889536577260,3423,",wechat,05095745,05095745,2024-12-06,2024-12-06,63.72,63.72,True,True,qrcode,qrcode,
913305237731287199_a26c863bca884aec8abaece786a37999.pdf,ok,1,1,"01,10,033002400112,04661788,61.86,20250120,14971005817597442571,1BEF,","01,10,033002400112,04661788,61.86,20250120,14971005817597442571,1BEF,",wechat,04661788,04661788,2025-01-20,2025-01-20,63.72,63.72,True,True,qrcode,qrcode,
913305237731287199_a969195905514112a6355f0cf9a98353.pdf,ok,1,1,"01,10,033002400112,05254656,61.86,20241218,17443937971929238956,1884,","01,10,033002400112,05254656,61.86,20241218,17443937971929238956,1884,",wechat,05254656,05254656,2024-12-18,2024-12-18,63.72,63.72,True,True,qrcode,qrcode,
913305237731287199_eb8ccc9747a24df18bc2fdb6329921cf.pdf,ok,1,1,"01,10,033002400112,04010510,23.42,20241006,02520624408340661824,F91B,","01,10,033002400112,04010510,23.42,20241006,02520624408340661824,F91B,",wechat,04010510,04010510,2024-10-06,2024-10-06,24.12,24.12,True,True,qrcode,qrcode,
913305237731287199_edfa8f314da14921a4d355400f0284ad.pdf,ok,1,1,"01,10,033002400112,05264897,61.86,20241219,12740835316324516374,DD96,","01,10,033002400112,05264897,61.86,20241219,12740835316324516374,DD96,",wechat,05264897,05264897,2024-12-19,2024-12-19,63.72,63.72,True,True,qrcode,qrcode,
91330523MA2B3Q8D53_43e6b0cca38e4a13bb7744c58a8ffb4b.pdf,ok,1,1,"01,10,033002400112,04759897,30.02,20241219,04600792531683862085,6C59,","01,10,033002400112,04759897,30.02,20241219,04600792531683862085,6C59,",wechat,04759897,04759897,2024-12-19,2024-12-19,32.72,32.72,True,True,qrcode,qrcode,
91330523MA2B3Q8D53_80f7cce27c794ff8bb03cbeda798478e.pdf,ok,1,1,"01,10,033002400112,04821988,30.02,20241218,02664109614981717508,9898,","01,10,033002400112,04821988,30.02,20241218,02664109614981717508,9898,",wechat,04821988,04821988,2024-12-18,2024-12-18,32.72,32.72,True,True,qrcode,qrcode,
91330523MA2B3Q8D53_b20d2a8a1f61435888904a61816e791f.pdf,ok,1,1,"01,10,033002400112,04782991,30.02,20250120,09232630510868354922,FED4,","01,10,033002400112,04782991,30.02,20250120,09232630510868354922,FED4,",wechat,04782991,04782991,2025-01-20,2025-01-20,32.72,32.72,True,True,qrcode,qrcode,
91330523MA2B3Q8D53_eea499841b2b4fb8a1e3ff1ddcaab91a.pdf,ok,1,1,"01,10,033002400112,04751568,30.02,20241206,01255459769594815042,418D,","01,10,033002400112,04751568,30.02,20241206,01255459769594815042,418D,",wechat,04751568,04751568,2024-12-06,2024-12-06,32.72,32.72,True,True,qrcode,qrcode,
91340000MA2MT9QA0T_487c2f43c49f4c8388849cbd37e70986.pdf,ok,1,1,"01,10,034002300112,33225671,8.5,20241206,10621377858821137780,7518,","01,10,034002300112,33225671,8.5,20241206,10621377858821137780,7518,",wechat,33225671,33225671,2024-12-06,2024-12-06,9.26,9.26,True,True,qrcode,qrcode,
91340000MA2MT9QA0T_6900235cedb64d94b563df8efb5c7fa1.pdf,ok,1,1,"01,10,034002300112,32883886,8.5,20241219,18438708149627463277,9B35,","01,10,034002300112,32883886,8.5,20241219,18438708149627463277,9B35,",wechat,32883886,32883886,2024-12-19,2024-12-19,9.26,9.26,True,True,qrcode,qrcode,
91340000MA2MT9QA0T_ce48f4c17d9146a5b293a99186442789.pdf,ok,1,1,"01,10,034002300112,82554915,8.44,20250120,03669733784519502093,3DCD,","01,10,034002300112,82554915,8.44,20250120,03669733784519502093,3DCD,",wechat,82554915,82554915,2025-01-20,2025-01-20,9.20,9.20,True,True,qrcode,qrcode,
91340000MA2MT9QA0T_f6316a8023194a6b90b727d62ef06532.pdf,ok,1,1,"01,10,034002300112,45299474,8.66,20241218,00850164462741611642,CC4B,","01,10,034002300112,45299474,8.66,20241218,00850164462741611642,CC4B,",wechat,45299474,45299474,2024-12-18,2024-12-18,9.44,9.44,True,True,qrcode,qrcode,
913418006726444315_769ef13d14aa4973822941e38ce16fcc.pdf,ok,1,1,"01,10,034002300112,69280663,33.44,20241219,11133497561269968131,EF7B,","01,10,034002300112,69280663,33.44,20241219,11133497561269968131,EF7B,",wechat,69280663,69280663,2024-12-19,2024-12-19,34.44,34.44,True,True,qrcode,qrcode,
913418006726444315_7cfed04a5847435bb76d61aa35912553.pdf,ok,1,1,"01,10,034002300112,69866490,27.04,20250120,06444654006791526285,C56E,","01,10,034002300112,69866490,27.04,20250120,06444654006791526285,C56E,",wechat,69866490,69866490,2025-01-20,2025-01-20,27.85,27.85,True,True,qrcode,qrcode,
913418006726444315_bd5aae040b274fb1b1e2ff84de87f29b.pdf,ok,1,1,"01,10,034002300112,71946190,45.84,20250905,18020891317910723554,0DBE,","01,10,034002300112,71946190,45.84,20250905,18020891317910723554,0DBE,",wechat,71946190,71946190,2025-09-05,2025-09-05,47.22,47.22,True,True,qrcode,qrcode,
913418006726444315_e4c2aa75890144a993320184b7d2b20c.pdf,ok,1,1,"01,10,034002200112,69556037,33.44,20241206,02771315902552038393,9672,","01,10,034002200112,69556037,33.44,20241206,02771315902552038393,9672,",wechat,69556037,69556037,2024-12-06,2024-12-06,34.44,34.44,True,True,qrcode,qrcode,
913418006726444315_fb2f5f3893d349ea9ed280ec35e58bb7.pdf,ok,1,1,"01,10,034002300112,69277398,51.46,20241218,16493921594505313527,D9E6,","01,10,034002300112,69277398,51.46,20241218,16493921594505313527,D9E6,",wechat,69277398,69277398,2024-12-18,2024-12-18,53.00,53.00,True,True,qrcode,qrcode,
99c15a6da0344cc290d62c7c390c94aa.pdf,ok,1,1,"01,32,,25337906171100012781,7.54,20251118,,BAEE","01,32,,25337906171100012781,7.54,20251118,,BAEE",wechat,25337906171100012781,25337906171100012781,2025-11-18,2025-11-18,7.54,7.54,True,True,qrcode,qrcode,
_24332000000110723789.pdf,ok,1,1,"01,32,,24332000000110723789,52.00,20240422,,CB84","01,32,,24332000000110723789,52.00,20240422,,CB84",wechat,24332000000110723789,24332000000110723789,2024-04-22,2024-04-22,52.00,52.00,True,True,qrcode,qrcode,
abe0a7a454cb4b41bb1b8659fdc0c38e.pdf,ok,1,1,"01,32,,26337000000023606834,210.00,20260119,,f5b2","01,32,,26337000000023606834,210.00,20260119,,f5b2",wechat,26337000000023606834,26337000000023606834,2026-01-19,2026-01-19,210.00,210.00,True,True,qrcode,qrcode,
bfc025dcfbed4222863ae8d2e5839352.pdf,ok,1,1,"01,32,,25337000000425948756,200.00,20251118,,68a0","01,32,,25337000000425948756,200.00,20251118,,68a0",wechat,25337000000425948756,25337000000425948756,2025-11-18,2025-11-18,200.00,200.00,True,True,qrcode,qrcode,
ca265ead41534179a8a747f271d68db4.pdf,ok,1,1,"01,32,,25337000000439404231,250.00,20250929,,23fb","01,32,,25337000000439404231,250.00,20250929,,23fb",wechat,25337000000439404231,25337000000439404231,2025-09-29,2025-09-29,250.00,250.00,True,True,qrcode,qrcode,
d38a75bbb92040e7a8e0c89e06ccfd08.pdf,ok,1,1,"01,32,,26337000000203460763,200.00,20260302,,be9a","01,32,,26337000000203460763,200.00,20260302,,be9a",wechat,26337000000203460763,26337000000203460763,2026-03-02,2026-03-02,200.00,200.00,True,True,qrcode,qrcode,
digital_25117000000625063261 AP电源.pdf,ok,1,1,"01,32,,25117000000625063261,35.96,20250430,,F35D","01,32,,25117000000625063261,35.96,20250430,,F35D",wechat,25117000000625063261,25117000000625063261,2025-04-30,2025-04-30,35.96,35.96,True,True,qrcode,qrcode,
digital_25317200000037769863 严海洋笔记本.pdf,ok,1,1,"01,31,,25317200000037769863,8864.01,20250210,,3ECE","01,31,,25317200000037769863,8864.01,20250210,,3ECE",wechat,25317200000037769863,25317200000037769863,2025-02-10,2025-02-10,8864.01,8864.01,True,True,qrcode,qrcode,
digital_25337000000446476325 显示器.pdf,ok,1,1,"01,31,,25337000000446476325,638.94,20250919,,FC92","01,31,,25337000000446476325,638.94,20250919,,FC92",wechat,25337000000446476325,25337000000446476325,2025-09-19,2025-09-19,638.94,638.94,True,True,qrcode,qrcode,
digital_25337000000581767268.pdf,ok,1,1,"01,31,,25337000000581767268,688.93,20251207,,3350","01,31,,25337000000581767268,688.93,20251207,,3350",wechat,25337000000581767268,25337000000581767268,2025-12-07,2025-12-07,688.93,688.93,True,True,qrcode,qrcode,
digital_25337200000071570347 固态1T 2片.pdf,ok,1,1,"01,31,,25337200000071570347,794.00,20250329,,4F8","01,31,,25337200000071570347,794.00,20250329,,4F8",wechat,25337200000071570347,25337200000071570347,2025-03-29,2025-03-29,794.00,794.00,True,True,qrcode,qrcode,
digital_26337000000122688386.pdf,ok,1,1,"01,31,,26337000000122688386,1876.49,20260129,,ED5E","01,31,,26337000000122688386,1876.49,20260129,,ED5E",wechat,26337000000122688386,26337000000122688386,2026-01-29,2026-01-29,1876.49,1876.49,True,True,qrcode,qrcode,
digital_26337000000214523485-谢淑杭笔记本电脑.pdf,ok,1,1,"01,31,,26337000000214523485,4974.01,20260227,,7B65","01,31,,26337000000214523485,4974.01,20260227,,7B65",wechat,26337000000214523485,26337000000214523485,2026-02-27,2026-02-27,4974.01,4974.01,True,True,qrcode,qrcode,
digital_26337000000486680636.pdf,ok,1,1,"01,31,,26337000000486680636,374.00,20260529,,9E2B","01,31,,26337000000486680636,374.00,20260529,,9E2B",wechat,26337000000486680636,26337000000486680636,2026-05-29,2026-05-29,374.00,374.00,True,True,qrcode,qrcode,
digital_26507000000075258063.pdf,ok,1,1,"01,31,,26507000000075258063,569.00,20260202,,1EAA","01,31,,26507000000075258063,569.00,20260202,,1EAA",wechat,26507000000075258063,26507000000075258063,2026-02-02,2026-02-02,569.00,569.00,True,True,qrcode,qrcode,
dzfp_20240425091845_浙江京能电力设备有限公司_24332000000114496842.pdf,ok,1,1,"01,32,,24332000000114496842,50.00,20240425,,885C","01,32,,24332000000114496842,50.00,20240425,,885C",wechat,24332000000114496842,24332000000114496842,2024-04-25,2024-04-25,50.00,50.00,True,True,qrcode,qrcode,
dzfp_24342000000153996782_浙江京能电力设备有限公司_20241030_300.00_鸠江区二坝镇建工宾馆.pdf,ok,1,1,"01,31,,24342000000153996782,300.00,20241030,,E8AB","01,31,,24342000000153996782,300.00,20241030,,E8AB",wechat,24342000000153996782,24342000000153996782,2024-10-30,2024-10-30,300.00,300.00,True,True,qrcode,qrcode,
dzfp_24932000000048465185_浙江京能电力设备有限公司_20240706142311.pdf,ok,1,1,"01,32,,24932000000048465185,84.62,20240706,,CE8","01,32,,24932000000048465185,84.62,20240706,,CE8",wechat,24932000000048465185,24932000000048465185,2024-07-06,2024-07-06,84.62,84.62,True,True,qrcode,qrcode,
dzfp_24942000000030845386_浙江京能电力设备有限公司_20240719091608.pdf,ok,1,1,"01,31,,24942000000030845386,213.00,20240719,,68FF","01,31,,24942000000030845386,213.00,20240719,,68FF",wechat,24942000000030845386,24942000000030845386,2024-07-19,2024-07-19,213.00,213.00,True,True,qrcode,qrcode,
dzfp_24942000000031032893_浙江京能电力设备有限公司_20240720011026.pdf,ok,1,1,"01,32,,24942000000031032893,180.00,20240720,,F8FF","01,32,,24942000000031032893,180.00,20240720,,F8FF",wechat,24942000000031032893,24942000000031032893,2024-07-20,2024-07-20,180.00,180.00,True,True,qrcode,qrcode,
dzfp_25112000000188321528_北京金辉一然科技有限公司_20250905130951毛工液晶屏.pdf,ok,1,1,"01,32,,25112000000188321528,830.00,20250905,,24DF","01,32,,25112000000188321528,830.00,20250905,,24DF",wechat,25112000000188321528,25112000000188321528,2025-09-05,2025-09-05,830.00,830.00,True,True,qrcode,qrcode,
dzfp_25112000000204592135_北京金辉一然科技有限公司_20250929114008 P15V电池.pdf,ok,1,1,"01,32,,25112000000204592135,450.00,20250924,,B3D6","01,32,,25112000000204592135,450.00,20250924,,B3D6",wechat,25112000000204592135,25112000000204592135,2025-09-24,2025-09-24,450.00,450.00,True,True,qrcode,qrcode,
dzfp_25332000000032069419_浙江京能电力设备有限公司_20250119094740.pdf,ok,1,1,"01,32,,25332000000032069419,900.00,20250119,,DA38","01,32,,25332000000032069419,900.00,20250119,,DA38",wechat,25332000000032069419,25332000000032069419,2025-01-19,2025-01-19,900.00,900.00,True,True,qrcode,qrcode,
dzfp_25332000000035852493_浙江京能电力设备有限公司_20250121084645.pdf,ok,1,1,"01,31,,25332000000035852493,334.00,20250121,,5B9B","01,31,,25332000000035852493,334.00,20250121,,5B9B",wechat,25332000000035852493,25332000000035852493,2025-01-21,2025-01-21,334.00,334.00,True,True,qrcode,qrcode,
dzfp_25334000000002759127_杭州临安市地江波餐饮店_20250421132413-250421轻工院午餐.pdf,ok,1,1,"01,32,,25334000000002759127,630.00,20250421,,9E6C","01,32,,25334000000002759127,630.00,20250421,,9E6C",wechat,25334000000002759127,25334000000002759127,2025-04-21,2025-04-21,630.00,630.00,True,True,qrcode,qrcode,
dzfp_25334000000010430711_杭州临安市地江波餐饮店_20251025085928.pdf,ok,1,1,"01,32,,25334000000010430711,529.00,20251024,,7CC1","01,32,,25334000000010430711,529.00,20251024,,7CC1",wechat,25334000000010430711,25334000000010430711,2025-10-24,2025-10-24,529.00,529.00,True,True,qrcode,qrcode,
dzfp_25342000000004327699_浙江京能电力设备有限公司_20250108_165.00_宁国市港口壹号精选酒店.pdf,ok,1,1,"01,31,,25342000000004327699,165.00,20250108,,3A4B","01,31,,25342000000004327699,165.00,20250108,,3A4B",wechat,25342000000004327699,25342000000004327699,2025-01-08,2025-01-08,165.00,165.00,True,True,qrcode,qrcode,
dzfp_25342000000105594515_合肥经济技术开发区鸿运小厨饭店_20250623072027.pdf,ok,1,1,"01,32,,25342000000105594515,424.20,20250623,,4B4B","01,32,,25342000000105594515,424.20,20250623,,4B4B",wechat,25342000000105594515,25342000000105594515,2025-06-23,2025-06-23,424.20,424.20,True,True,qrcode,qrcode,
dzfp_25342000000119328972_合肥市包河区心之缘酒店_20250711195524.pdf,ok,1,1,"01,31,,25342000000119328972,1549.00,20250711,,EC05","01,31,,25342000000119328972,1549.00,20250711,,EC05",wechat,25342000000119328972,25342000000119328972,2025-07-11,2025-07-11,1549.00,1549.00,True,True,qrcode,qrcode,
dzfp_25342000000128087203_鸠江区江北宾馆_20250727121407.pdf,ok,1,1,"01,32,,25342000000128087203,150.00,20250727,,A819","01,32,,25342000000128087203,150.00,20250727,,A819",wechat,25342000000128087203,25342000000128087203,2025-07-27,2025-07-27,150.00,150.00,True,True,qrcode,qrcode,
dzfp_25342000000131223395_浙江京能电力设备有限公司_20250731_200.00_芜湖市三亩田餐饮管理有限公司.pdf,ok,1,1,"01,32,,25342000000131223395,200.00,20250731,,E7E","01,32,,25342000000131223395,200.00,20250731,,E7E",wechat,25342000000131223395,25342000000131223395,2025-07-31,2025-07-31,200.00,200.00,True,True,qrcode,qrcode,
dzfp_25342000000131588709_浙江京能电力设备有限公司_20250731_600.00_鸠江区二坝镇建工宾馆.pdf,ok,1,1,"01,31,,25342000000131588709,600.00,20250731,,9385","01,31,,25342000000131588709,600.00,20250731,,9385",wechat,25342000000131588709,25342000000131588709,2025-07-31,2025-07-31,600.00,600.00,True,True,qrcode,qrcode,
dzfp_25342000000146407023_浙江京能电力设备有限公司_20250827110741.pdf,ok,1,1,"01,31,,25342000000146407023,200.20,20250827,,BD33","01,31,,25342000000146407023,200.20,20250827,,BD33",wechat,25342000000146407023,25342000000146407023,2025-08-27,2025-08-27,200.20,200.20,True,True,qrcode,qrcode,
dzfp_25344000000002781749_安徽海普克电气有限公司_20250624170445.pdf,ok,1,1,"01,32,,25344000000002781749,400.00,20250624,,373C","01,32,,25344000000002781749,400.00,20250624,,373C",wechat,25344000000002781749,25344000000002781749,2025-06-24,2025-06-24,400.00,400.00,True,True,qrcode,qrcode,
dzfp_26322000000388786741_苏州凯亚智选酒店管理有限公司_20260119085202.pdf,ok,1,1,"01,31,,26322000000388786741,142.00,20260116,,A9E4","01,31,,26322000000388786741,142.00,20260116,,A9E4",wechat,26322000000388786741,26322000000388786741,2026-01-16,2026-01-16,142.00,142.00,True,True,qrcode,qrcode,
dzfp_26322000003047122621_浙江京能电力设备有限公司_20260420145424.pdf,ok,1,1,"01,31,,26322000003047122621,133.84,20260420,,C2F8","01,31,,26322000003047122621,133.84,20260420,,C2F8",wechat,26322000003047122621,26322000003047122621,2026-04-20,2026-04-20,133.84,133.84,True,True,qrcode,qrcode,
dzfp_26322000003047570026_浙江京能电力设备有限公司_20260420145423.pdf,ok,1,1,"01,31,,26322000003047570026,148.72,20260420,,D757","01,31,,26322000003047570026,148.72,20260420,,D757",wechat,26322000003047570026,26322000003047570026,2026-04-20,2026-04-20,148.72,148.72,True,True,qrcode,qrcode,
dzfp_26337000000317359831_浙江京能电力设备有限公司_20260420152741.pdf,ok,1,1,"01,32,,26337000000317359831,313.00,20260420,,ad80","01,32,,26337000000317359831,313.00,20260420,,ad80",wechat,26337000000317359831,26337000000317359831,2026-04-20,2026-04-20,313.00,313.00,True,True,qrcode,qrcode,
dzfp_26337000000329074600_浙江京能电力设备有限公司_20260506142930.pdf,ok,1,1,"01,32,,26337000000329074600,252.00,20260506,,692d","01,32,,26337000000329074600,252.00,20260506,,692d",wechat,26337000000329074600,26337000000329074600,2026-05-06,2026-05-06,252.00,252.00,True,True,qrcode,qrcode,
dzfp_26337000000368064311_浙江京能电力设备有限公司_20260511085516.pdf,ok,1,1,"01,32,,26337000000368064311,235.00,20260511,,28de","01,32,,26337000000368064311,235.00,20260511,,28de",wechat,26337000000368064311,26337000000368064311,2026-05-11,2026-05-11,235.00,235.00,True,True,qrcode,qrcode,
dzfp_26337000000368064669_浙江京能电力设备有限公司_20260422231353.pdf,ok,1,1,"01,32,,26337000000368064669,100.00,20260422,,c649","01,32,,26337000000368064669,100.00,20260422,,c649",wechat,26337000000368064669,26337000000368064669,2026-04-22,2026-04-22,100.00,100.00,True,True,qrcode,qrcode,
dzfp_26337000000368065108_浙江京能电力设备有限公司_20260506142900.pdf,ok,1,1,"01,32,,26337000000368065108,190.00,20260506,,235a","01,32,,26337000000368065108,190.00,20260506,,235a",wechat,26337000000368065108,26337000000368065108,2026-05-06,2026-05-06,190.00,190.00,True,True,qrcode,qrcode,
e3ee222213a3430d9a6c56cf51b75fd6.pdf,ok,1,1,"01,32,,26337000000203459781,230.00,20260302,,6db3","01,32,,26337000000203459781,230.00,20260302,,6db3",wechat,26337000000203459781,26337000000203459781,2026-03-02,2026-03-02,230.00,230.00,True,True,qrcode,qrcode,
ea74cb24b15a45c8a370d3bd1afd98fd.pdf,ok,1,1,"01,32,,25337000000314768386,247.00,20250723,,f380","01,32,,25337000000314768386,247.00,20250723,,f380",wechat,25337000000314768386,25337000000314768386,2025-07-23,2025-07-23,247.00,247.00,True,True,qrcode,qrcode,
EJ946bf88fa33d03009ffdf3.pdf,ok,1,1,"01,10,033002200411,43625744,246.02,20241006,47568467450563623669,F098,","01,10,033002200411,43625744,246.02,20241006,47568467450563623669,F098,",wechat,43625744,43625744,2024-10-06,2024-10-06,278.00,278.00,True,True,qrcode,qrcode,
EK66d6055fe526c1d15e7f54.pdf,ok,1,1,"01,10,033002200411,43627383,176.99,20241105,70939097543184128918,246C,","01,10,033002200411,43627383,176.99,20241105,70939097543184128918,246C,",wechat,43627383,43627383,2024-11-05,2024-11-05,200.00,200.00,True,True,qrcode,qrcode,
EKfa4489f22868a3ea337be1.pdf,ok,1,1,"01,10,033002200411,96282534,251.33,20241105,55963567520832638248,CE53,","01,10,033002200411,96282534,251.33,20241105,55963567520832638248,CE53,",wechat,96282534,96282534,2024-11-05,2024-11-05,284.00,284.00,True,True,qrcode,qrcode,
EL0d6591203596c1e0c28b1e.pdf,ok,1,1,"01,10,033002300711,17595738,156.64,20241206,74061797530384940625,E84C,","01,10,033002300711,17595738,156.64,20241206,74061797530384940625,E84C,",wechat,17595738,17595738,2024-12-06,2024-12-06,177.00,177.00,True,True,qrcode,qrcode,
EL4543f89e841ce96d4cee19.pdf,ok,1,1,"01,10,033002200411,96292875,88.50,20241206,72876134311362087970,C471,","01,10,033002200411,96292875,88.50,20241206,72876134311362087970,C471,",wechat,96292875,96292875,2024-12-06,2024-12-06,100.00,100.00,True,True,qrcode,qrcode,
EL785786bffa59d25bd24afe.pdf,ok,1,1,"01,10,033002200411,43628995,230.09,20241206,48971063562332237562,B29F,","01,10,033002200411,43628995,230.09,20241206,48971063562332237562,B29F,",wechat,43628995,43628995,2024-12-06,2024-12-06,260.00,260.00,True,True,qrcode,qrcode,
fac148b5c2474ff49e8817124362bc1a.pdf,ok,1,1,"01,32,,25337000000511216210,200.00,20251118,,40e6","01,32,,25337000000511216210,200.00,20251118,,40e6",wechat,25337000000511216210,25337000000511216210,2025-11-18,2025-11-18,200.00,200.00,True,True,qrcode,qrcode,
fe16ad270ff3449c8bc6f0c81b6d5291.pdf,ok,1,1,"01,32,,26337000000159709686,272.44,20260302,,f886","01,32,,26337000000159709686,272.44,20260302,,f886",wechat,26337000000159709686,26337000000159709686,2026-03-02,2026-03-02,272.44,272.44,True,True,qrcode,qrcode,
HDMI转DVI线.pdf,ok,1,1,"01,31,,24117000000819571396,45.58,20241121,,1113","01,31,,24117000000819571396,45.58,20241121,,1113",wechat,24117000000819571396,24117000000819571396,2024-11-21,2024-11-21,45.58,45.58,True,True,qrcode,qrcode,
OSTB_25563670036Z9jn4rg02891HY.pdf,ok,1,1,"01,31,,24372000000112779497,50.00,20240703,,568B","01,31,,24372000000112779497,50.00,20240703,,568B",wechat,24372000000112779497,24372000000112779497,2024-07-03,2024-07-03,50.00,50.00,True,True,qrcode,qrcode,
OSTB_40743520315C3TAd032093731.pdf,ok,1,1,"01,31,,25312000000405522187,10601.00,20251209,,F48A","01,31,,25312000000405522187,10601.00,20251209,,F48A",wechat,25312000000405522187,25312000000405522187,2025-12-09,2025-12-09,10601.00,10601.00,True,True,qrcode,qrcode,
T3出行电子发票.pdf,ok,1,1,"01,10,033002300611,94438248,23.45,20240604,52527109024246032066,DF5A,","01,10,033002300611,94438248,23.45,20240604,52527109024246032066,DF5A,",wechat,94438248,94438248,2024-06-04,2024-06-04,24.15,24.15,True,True,qrcode,qrcode,
【小牛快跑-24.14元-1个行程】高德打车电子发票.pdf,ok,1,1,"01,32, ,24142000000018589744,24.14,20240413, ,28F7","01,32, ,24142000000018589744,24.14,20240413, ,28F7",wechat,24142000000018589744,24142000000018589744,2024-04-13,2024-04-13,24.14,24.14,True,True,qrcode,qrcode,
万合顺励电子发票.pdf,ok,1,1,"01,32,,24122000000017731438,24.43,20240401,,A17F","01,32,,24122000000017731438,24.43,20240401,,A17F",wechat,24122000000017731438,24122000000017731438,2024-04-01,2024-04-01,24.43,24.43,True,True,qrcode,qrcode,
享道出行电子发票.pdf,ok,1,1,"01,10,031002300311,65102507,12.44,20240410,02634053316681160520,F570,","01,10,031002300311,65102507,12.44,20240410,02634053316681160520,F570,",wechat,65102507,65102507,2024-04-10,2024-04-10,12.81,12.81,True,True,qrcode,qrcode,
京能自动化停车费.pdf,ok,1,1,"01,32,,24332000000107734982,20.00,20240419,,9138","01,32,,24332000000107734982,20.00,20240419,,9138",wechat,24332000000107734982,24332000000107734982,2024-04-19,2024-04-19,20.00,20.00,True,True,qrcode,qrcode,
住宿 524.pdf,ok,1,1,"01,31,,24322000000387199251,524.00,20241010,,EED3","01,31,,24322000000387199251,524.00,20241010,,EED3",wechat,24322000000387199251,24322000000387199251,2024-10-10,2024-10-10,524.00,524.00,True,True,qrcode,qrcode,
住宿发票.pdf,ok,1,1,"01,31, ,24332000000269100993,166.00,20240812, ,53DA","01,31, ,24332000000269100993,166.00,20240812, ,53DA",wechat,24332000000269100993,24332000000269100993,2024-08-12,2024-08-12,166.00,166.00,True,True,qrcode,qrcode,
停车费 18.pdf,ok,1,1,"01,32,,25332000000177782640,18.00,20250429,,51FE","01,32,,25332000000177782640,18.00,20250429,,51FE",wechat,25332000000177782640,25332000000177782640,2025-04-29,2025-04-29,18.00,18.00,True,True,qrcode,qrcode,
停车￥10电子发票.pdf,ok,1,1,"01,32,,25322000000432927742,10.00,20250918,,8148","01,32,,25322000000432927742,10.00,20250918,,8148",wechat,25322000000432927742,25322000000432927742,2025-09-18,2025-09-18,10.00,10.00,True,True,qrcode,qrcode,
动车 ￥53.5.pdf,ok,1,1,"01,51,,25159114489000074157,53.50,20250509,,ca42","01,51,,25159114489000074157,53.50,20250509,,ca42",wechat,25159114489000074157,25159114489000074157,2025-05-09,2025-05-09,53.50,53.50,True,True,qrcode,qrcode,
劳保.pdf,ok,1,1,"01,31,,24117000000446646685,133.75,20240811,,D4FC","01,31,,24117000000446646685,133.75,20240811,,D4FC",wechat,24117000000446646685,24117000000446646685,2024-08-11,2024-08-11,133.75,133.75,True,True,qrcode,qrcode,
地铁 14.pdf,ok,1,1,"01,32,,24337000000140058036,14.00,20241011,,5C8A","01,32,,24337000000140058036,14.00,20241011,,5C8A",wechat,24337000000140058036,24337000000140058036,2024-10-11,2024-10-11,14.00,14.00,True,True,qrcode,qrcode,
地铁 7.pdf,ok,1,1,"01,10,032002300711,38032236,6.42,20240628,53815027491236909124,CC17,","01,10,032002300711,38032236,6.42,20240628,53815027491236909124,CC17,",wechat,38032236,38032236,2024-06-28,2024-06-28,7.00,7.00,True,True,qrcode,qrcode,
地铁 ￥10.pdf,ok,1,1,"01,32,,25337000000202123714,10.00,20250509,,F148","01,32,,25337000000202123714,10.00,20250509,,F148",wechat,25337000000202123714,25337000000202123714,2025-05-09,2025-05-09,10.00,10.00,True,True,qrcode,qrcode,
地铁 ￥14.pdf,ok,1,1,"01,32,,24337000000107020219,14.00,20240817,,EA09","01,32,,24337000000107020219,14.00,20240817,,EA09",wechat,24337000000107020219,24337000000107020219,2024-08-17,2024-08-17,14.00,14.00,True,True,qrcode,qrcode,
地铁 ￥7.pdf,ok,1,1,"01,32,,24337000000166099185,7.00,20241119,,1B11","01,32,,24337000000166099185,7.00,20241119,,1B11",wechat,24337000000166099185,24337000000166099185,2024-11-19,2024-11-19,7.00,7.00,True,True,qrcode,qrcode,
天猫-26312000000205757431_浙江京能电力设备有限公司_20260112162913.pdf,ok,1,1,"01,31,,26312000000205757431,5068.00,20260112,,B37B","01,31,,26312000000205757431,5068.00,20260112,,B37B",wechat,26312000000205757431,26312000000205757431,2026-01-12,2026-01-12,5068.00,5068.00,True,True,qrcode,qrcode,
天猫-26312000000205770091_浙江京能电力设备有限公司_20260112163029.pdf,ok,1,1,"01,31,,26312000000205770091,22648.00,20260112,,7CD2","01,31,,26312000000205770091,22648.00,20260112,,7CD2",wechat,26312000000205770091,26312000000205770091,2026-01-12,2026-01-12,22648.00,22648.00,True,True,qrcode,qrcode,
姑苏区山海焗餐饮店_发票金额401.60元.pdf,ok,1,1,"01,32,,25322000000430846589,401.60,20250917,,C1EA","01,32,,25322000000430846589,401.60,20250917,,C1EA",wechat,25322000000430846589,25322000000430846589,2025-09-17,2025-09-17,401.60,401.60,True,True,qrcode,qrcode,
宁波地铁智能运维 无线路由器1台.pdf,ok,1,1,"01,31,,24117000000088256366,166.15,20240402,,33F9","01,31,,24117000000088256366,166.15,20240402,,33F9",wechat,24117000000088256366,24117000000088256366,2024-04-02,2024-04-02,166.15,166.15,True,True,qrcode,qrcode,
机械硬盘2块.pdf,ok,1,1,"01,31,,24117000000106999875,751.18,20240409,,602A","01,31,,24117000000106999875,751.18,20240409,,602A",wechat,24117000000106999875,24117000000106999875,2024-04-09,2024-04-09,751.18,751.18,True,True,qrcode,qrcode,
林坚聚餐 ￥1130.pdf,ok,1,1,"01,10,233002400111,46008585,1097.09,20240802,13302067878957097004","01,10,233002400111,46008585,1097.09,20240802,13302067878957097004",wechat,46008585,46008585,2024-08-02,2024-08-02,1130.00,1130.00,True,True,qrcode,qrcode,
油补.pdf,ok,1,1,"01,32, ,25337000000185200236,200.00,20250513, ,c2e2","01,32, ,25337000000185200236,200.00,20250513, ,c2e2",wechat,25337000000185200236,25337000000185200236,2025-05-13,2025-05-13,200.00,200.00,True,True,qrcode,qrcode,
浙江京能电力设备有限公司_1051.0元(1).pdf,ok,1,1,"01,32,,25327000000453524500,1051.00,20250509,,3C15","01,32,,25327000000453524500,1051.00,20250509,,3C15",wechat,25327000000453524500,25327000000453524500,2025-05-09,2025-05-09,1051.00,1051.00,True,True,qrcode,qrcode,
浙江京能电力设备有限公司_1230.0元(1).pdf,ok,1,1,"01,32,,25117000000940436327,1230.00,20250715,,2DFE","01,32,,25117000000940436327,1230.00,20250715,,2DFE",wechat,25117000000940436327,25117000000940436327,2025-07-15,2025-07-15,1230.00,1230.00,True,True,qrcode,qrcode,
浙江京能电力设备有限公司_20250414132716-AP 1只.pdf,ok,1,1,"01,31,,25932000000031239817,385.00,20250414,,9761","01,31,,25932000000031239817,385.00,20250414,,9761",wechat,25932000000031239817,25932000000031239817,2025-04-14,2025-04-14,385.00,385.00,True,True,qrcode,qrcode,
浙江京能电力设备有限公司_30.0元(1)).pdf,ok,1,1,"01,32, ,25317000000926502341,30.00,20250509, ,157C","01,32, ,25317000000926502341,30.00,20250509, ,157C",wechat,25317000000926502341,25317000000926502341,2025-05-09,2025-05-09,30.00,30.00,True,True,qrcode,qrcode,
浙江京能电力设备有限公司_4304908153727908127.pdf,ok,1,1,"01,32,,25112000000084373166,163.00,20250425,,D787","01,32,,25112000000084373166,163.00,20250425,,D787",wechat,25112000000084373166,25112000000084373166,2025-04-25,2025-04-25,163.00,163.00,True,True,qrcode,qrcode,
浙江京能电力设备有限公司_4318310018832908127.pdf,ok,1,1,"01,32,,25112000000088901981,163.00,20250430,,755D","01,32,,25112000000088901981,163.00,20250430,,755D",wechat,25112000000088901981,25112000000088901981,2025-04-30,2025-04-30,163.00,163.00,True,True,qrcode,qrcode,
浙江京能电力设备有限公司_697.0元(1).pdf,ok,1,1,"01,32,,25327000000453524499,697.00,20250509,,9B0A","01,32,,25327000000453524499,697.00,20250509,,9B0A",wechat,25327000000453524499,25327000000453524499,2025-05-09,2025-05-09,697.00,697.00,True,True,qrcode,qrcode,
浙江京能电力设备有限公司_733.0元(1).pdf,ok,1,1,"01,32,,25117000000940436325,733.00,20250715,,17CE","01,32,,25117000000940436325,733.00,20250715,,17CE",wechat,25117000000940436325,25117000000940436325,2025-07-15,2025-07-15,733.00,733.00,True,True,qrcode,qrcode,
滴滴电子发票.pdf,ok,1,1,"01,32,,26127000000162023228,55.00,2026-03-19,,","01,32,,26127000000162023228,55.00,2026-03-19,,",wechat,26127000000162023228,26127000000162023228,2026-03-19,2026-03-19,55.00,55.00,True,True,qrcode,qrcode,
滴滴电子发票A.pdf,ok,1,1,"01,32,,26127000000164455230,27.30,2026-03-21,,","01,32,,26127000000164455230,27.30,2026-03-21,,",wechat,26127000000164455230,26127000000164455230,2026-03-21,2026-03-21,27.30,27.30,True,True,qrcode,qrcode,
滴滴电子发票B.pdf,ok,1,1,"01,32,,26337000000279084533,88.70,2026-03-21,,","01,32,,26337000000279084533,88.70,2026-03-21,,",wechat,26337000000279084533,26337000000279084533,2026-03-21,2026-03-21,88.70,88.70,True,True,qrcode,qrcode,
滴滴电子发票C.pdf,ok,1,1,"01,32,,25117000000657153727,20.16,2025-05-09,,","01,32,,25117000000657153727,20.16,2025-05-09,,",wechat,25117000000657153727,25117000000657153727,2025-05-09,2025-05-09,20.16,20.16,True,True,qrcode,qrcode,
烟2条 ￥960.pdf,ok,1,1,"01,10,233002400111,47592923,950.5,20240817,13303289460027315260","01,10,233002400111,47592923,950.5,20240817,13303289460027315260",wechat,47592923,47592923,2024-08-17,2024-08-17,960.00,960.00,True,True,qrcode,qrcode,
百度SVIP ￥198.pdf,ok,1,1,"01,31, ,24117000000748872808,198.00,20241105, ,5F80","01,31, ,24117000000748872808,198.00,20241105, ,5F80",wechat,24117000000748872808,24117000000748872808,2024-11-05,2024-11-05,198.00,198.00,True,True,qrcode,qrcode,
花小猪打车电子发票.pdf,ok,1,1,"01,10,012002300211,12347918,22.55,20240702,11156380695261197552,49EB,","01,10,012002300211,12347918,22.55,20240702,11156380695261197552,49EB,",wechat,12347918,12347918,2024-07-02,2024-07-02,23.22,23.22,True,True,qrcode,qrcode,
键盘_240530_240530.pdf,ok,1,1,"01,31,,24127000000010294719,98.37,20240411,,6265","01,31,,24127000000010294719,98.37,20240411,,6265",wechat,24127000000010294719,24127000000010294719,2024-04-11,2024-04-11,98.37,98.37,True,True,qrcode,qrcode,
阳光出行电子发票.pdf,ok,1,1,"01,10,012002300411,15405280,13.24,20240410,01143749597238260722,4581,","01,10,012002300411,15405280,13.24,20240410,01143749597238260722,4581,",wechat,15405280,15405280,2024-04-10,2024-04-10,13.64,13.64,True,True,qrcode,qrcode,
顺丰 16.pdf,ok,1,1,"01,31,,24627000000007008302,16.00,20241011,,54CC","01,31,,24627000000007008302,16.00,20241011,,54CC",wechat,24627000000007008302,24627000000007008302,2024-10-11,2024-10-11,16.00,16.00,True,True,qrcode,qrcode,
顺丰电子发票1.pdf,ok,1,1,"01,31,,24327000000330328320,12.00,20240815,,E425","01,31,,24327000000330328320,12.00,20240815,,E425",wechat,24327000000330328320,24327000000330328320,2024-08-15,2024-08-15,12.00,12.00,True,True,qrcode,qrcode,
顺丰电子发票2.pdf,ok,1,1,"01,31,,24337000000073451991,12.00,20240815,,9502","01,31,,24337000000073451991,12.00,20240815,,9502",wechat,24337000000073451991,24337000000073451991,2024-08-15,2024-08-15,12.00,12.00,True,True,qrcode,qrcode,
顺丰电子发票3.pdf,ok,1,1,"01,31,,24347000000052363406,18.00,20240815,,344C","01,31,,24347000000052363406,18.00,20240815,,344C",wechat,24347000000052363406,24347000000052363406,2024-08-15,2024-08-15,18.00,18.00,True,True,qrcode,qrcode,
